"author","year","title","samplesize_total","height_report","weight_report","comorbidities_report","painvas_report","womac_report","koos_report"
"J. H. Abbott",2015,"The Incremental Effects of Manual Therapy or Booster Sessions in Addition to Exercise Therapy for Knee Osteoarthritis: A Randomized Clinical Trial",75,"no","no","no","yes","yes","no"
"B. Aǧlamiş",2008,"The effect of a 12-week supervised multicomponent exercise program on knee OA in Turkish women",31,"no","no","yes","yes","no","no"
"A. F. Ahmed",2011,"Effect of sensorimotor training on balance in elderly patients with knee osteoarthritis",40,"yes","yes","no","yes","no","no"
"Y. Akyol",2010,"Does short-wave diathermy increase the effectiveness of isokinetic exercise on pain, function, knee muscle strength, quality of life, and depression in the patients with knee osteoarthritis? A randomized controlled clinical study",40,"yes","yes","no","yes","yes","no"
"K. D. Allen",2018,"Physical therapy vs internet-based exercise training for patients with knee osteoarthritis: results of a randomized controlled trial",350,"no","no","no","no","yes","no"
"K. D. Allen",2010,"Telephone-based self-management of osteoarthritis: A randomized trial",515,"no","no","no","yes","no","no"
"K. D. Allen",2021,"Stepped exercise program for patients with knee osteoarthritis a randomized controlled trial",345,"no","no","yes","no","yes","no"
"E. U. Altas",2020,"The effect of physical therapy and rehabilitation modalities on sleep quality in patients with primary knee osteoarthritis: A single-blind, prospective, randomized-controlled study",40,"no","no","no","yes","yes","no"
"B. An",2008,"Baduanjin alleviates the symptoms of knee osteoarthritis",28,"no","no","no","no","yes","no"
"S. Anwer",2014,"Effect of isometric quadriceps exercise on muscle strength, pain, and function in patients with knee osteoarthritis: a randomized controlled study",42,"yes","yes","no","yes","unclear","no"
"O. Aoki",2009,"Home stretching exercise is effective for improving knee range of motion and gait in patients with knee osteoarthritis",36,"no","no","no","yes","no","no"
"P. Apparao",2017,"Effectiveness of stabilization exercises and conventional physiotherapy in subjects with knee osteoarthritis",104,"no","no","no","yes","no","yes"
"N. C. Avelar",2011,"The effect of adding whole-body vibration to squat training on the functional performance and self-report of disease status in elderly patients with knee osteoarthritis: a randomized, controlled clinical study",21,"yes","yes","no","no","yes","no"
"S. Ay",2013,"Is there an effective way to prescribe a home-based exercise program in patients with knee osteoarthritis? a randomized controlled study",60,"no","no","no","yes","yes","no"
"O. Aydoǧdu",2017,"Clinical outcomes of kinesio taping applied in patients with knee osteoarthritis: A randomized controlled trial",54,"yes","yes","no","yes","no","yes"
"K. R. Baker",2001,"The efficacy of home based progressive strength training in older adults with knee osteoarthritis: a randomized controlled trial",46,"no","no","yes","no","yes","no"
"N. N. Bao",2018,"Jineixiaotie dui xiguanjie guxingguanjieyan liaoxiao guancha [Effect of kinesio tape in osteoarthritis treatment]",60,"no","no","no","no","no","no"
"J. C. Bautch",1997,"Effects of exercise on knee joints with osteoarthritis: a pilot study of biologic markers",30,"no","no","no","yes","no","no"
"E. Benli Küçük",2018,"Effects of isokinetic, isometric, and aerobic exercises on clinical variables and knee cartilage volume using magnetic resonance imaging in patients with osteoarthritis",45,"yes","yes","no","yes","yes","no"
"K. L. Bennell",2016,"Physical Therapist-Delivered Pain Coping Skills Training and Exercise for Knee Osteoarthritis: Randomized Controlled Trial",222,"yes","yes","yes","yes","yes","no"
"K. L. Bennell",2005,"Efficacy of physiotherapy management of knee joint osteoarthritis: A randomised, double blind, placebo controlled trial",140,"yes","yes","no","yes","yes","no"
"K. L. Bennell",2010,"Hip strengthening reduces symptoms but not knee load in people with medial knee osteoarthritis and varus malalignment: a randomised controlled trial",89,"no","no","no","yes","yes","no"
"K. L. Bennell",2014,"Neuromuscular versus quadriceps strengthening exercise in patients with medial knee osteoarthritis and varus malalignment: a randomized controlled trial",100,"yes","yes","no","yes","yes","no"
"K. L. Bennell",2017,"Effectiveness of an internet-delivered exercise and pain-coping skills training intervention for persons with chronic knee pain: A randomized trial",148,"yes","yes","no","yes","yes","no"
"K. L. Bennell",2020,"What type of exercise is most effective for people with knee osteoarthritis and co-morbid obesity?: The TARGET randomized controlled trial",128,"yes","yes","no","yes","yes","yes"
"B. M. Berman",2004,"Effectiveness of acupuncture as adjunctive therapy in osteoarthritis of the knee. A randomized, controlled trial",570,"no","no","no","no","yes","no"
"T. Bezalel",2010,"The effect of a group education programme on pain and function through knowledge acquisition and home-based exercise among patients with knee osteoarthritis: a parallel randomised single-blind clinical trial",50,"no","no","no","no","yes","no"
"H. Bliddal",2011,"Weight loss as treatment for knee osteoarthritis symptoms in obese patients: 1-year results from a randomised controlled trial",89,"yes","yes","no","no","yes","no"
"H. R. Bokaeian",2016,"The effect of adding whole body vibration training to strengthening training in the treatment of knee osteoarthritis: A randomized clinical trial",28,"no","yes","no","yes","unclear","no"
"M. Börjesson",1996,"Physiotherapy in knee osteoarthrosis: effect on pain and walking",68,"yes","yes","no","no","no","no"
"R. M. B. Braghin",2018,"Exercise on balance and function for knee osteoarthritis: A randomized controlled trial",42,"yes","yes","no","no","yes","no"
"J. M. Brismée",2007,"Group and home-based tai chi in elderly subjects with knee osteoarthritis: a randomized controlled trial",41,"yes","yes","no","yes","yes","no"
"L. Brosseau",2012,"The implementation of a community-based aerobic walking program for mild to moderate knee osteoarthritis (OA): A knowledge translation (KT) randomized controlled trial (RCT): Part I: The Uptake of the Ottawa Panel clinical practice guidelines (CPGs)",222,"no","yes","no","no","no","no"
"R. A. Bruce-Brand",2012,"Effects of home-based resistance training and neuromuscular electrical stimulation in knee osteoarthritis: a randomized controlled trial",26,"yes","no","no","no","yes","no"
" Jr. F. F. Bryk; A. C. Dos Reis; D. Fingerhut; T. Araujo; M. Schutzer; P. Cury Rde; A. Duarte",2016,"Exercises with partial vascular occlusion in patients with knee osteoarthritis: a randomized clinical trial",34,"yes","yes","no","yes","no","no"
"K. Chaipinyo",2009,"No difference between home-based strength training and home-based balance training on pain in patients with knee osteoarthritis: a randomised trial",48,"yes","yes","no","no","no","yes"
"M. A. Chamberlain",1982,"Physiotherapy in osteoarthrosis of the knees. A controlled trial of hospital versus home exercises",42,"no","no","no","no","no","no"
"T. F. Chang",2012,"Effects of elastic-band exercise on lower-extremity function among female patients with osteoarthritis of the knee",41,"yes","yes","no","no","yes","no"
"G. L. Y. Cheing",2002,"Does four weeks of TENS and/or isometric exercise produce cumulative reduction of osteoarthritic knee pain?",62,"yes","yes","no","yes","no","no"
"K. W. Chen",2008,"Effects of external qigong therapy on osteoarthritis of the knee. A randomized controlled trial",106,"no","no","no","no","yes","no"
"P. Y. Chen",2021,"Impacts of tai chi exercise on functional fitness in community-dwelling older adults with mild degenerative knee osteoarthritis: a randomized controlled clinical trial",68,"no","no","no","no","no","no"
"C. Cheung",2017,"Managing knee osteoarthritis with yoga or aerobic/strengthening exercise programs in older adults: a pilot randomized controlled trial",83,"no","no","yes","yes","yes","no"
"C. Cheung",2014,"Yoga for managing knee osteoarthritis in older women: a pilot randomized controlled trial",36,"no","no","yes","no","yes","no"
"D. S. T. Cheung",2020,"Self-administered acupressure for knee osteoarthritis in middle-aged and older adults: a pilot randomized controlled trial",35,"no","no","no","yes","yes","no"
"J. H. Choi",2018,"Effect of taping on a home program of hip abductor exercise on pain and quadriceps muscle strength in elderly women with knee osteoarthritis",24,"yes","yes","no","yes","no","no"
"R. Christensen",2005,"Weight loss: the treatment of choice for knee osteoarthritis? A randomized trial",80,"no","yes","no","no","yes","no"
"R. Christensen",2015,"Effect of weight maintenance on symptoms of knee osteoarthritis in obese patients: A twelve-month randomized controlled trial",192,"yes","yes","no","yes","no","yes"
"S. Coleman",2012,"A randomised controlled trial of a self-management education program for osteoarthritis of the knee delivered by health care professionals",146,"no","no","yes","yes","yes","no"
"V. Cortés Godoy",2014,"Effectiveness of massage therapy as co-adjuvant treatment to exercise in osteoarthritis of the knee: A randomized control trial",18,"no","no","no","yes","yes","no"
"F. S. da Silva",2015,"Efficacy of simple integrated group rehabilitation program for patients with knee osteoarthritis: Single-blind randomized controlled trial",30,"yes","yes","yes","no","no","no"
"M. S. Danazumi",2021,"A Comparison between the Effect of Combined Chain Exercises Plus Kinesio Taping with Combined Chain Exercises Alone in Knee Osteoarthritis: A Randomized Clinical Trial",60,"yes","yes","no","yes","no","no"
"A. M. I. de Oliveira",2012,"Impact of exercise on the functional capacity and pain of patients with knee osteoarthritis: A randomized clinical trial",98,"no","no","no","no","yes","no"
"C. A. F. de Paula Gomes",2020,"Exercise program combined with electrophysical modalities in subjects with knee osteoarthritis: a randomised, placebo-controlled clinical trial",100,"yes","yes","no","yes","yes","no"
"M. U. de Rezende",2016,"Objective functional results in patients with knee osteoarthritis submitted to a 2-day educational programme: a prospective randomised clinical trial",198,"yes","no","no","no","no","no"
"M. de Rooij",2017,"Efficacy of Tailored Exercise Therapy on Physical Functioning in Patients With Knee Osteoarthritis and Comorbidity: A Randomized Controlled Trial",126,"no","no","yes","yes","yes","no"
"S. Deepeshwar",2018,"Effect of Yoga Based Lifestyle Intervention on Patients With Knee Osteoarthritis: A Randomized Controlled Trial",66,"no","no","no","no","no","no"
"G. D. Deyle",2000,"Effectiveness of manual physical therapy and exercise in osteoarthritis of the knee: A randomized, controlled trial",83,"no","no","no","no","yes","no"
"S. Dhanakotti",2016,"Effects of additional kinesiotaping over the conventional physiotherapy exercise on pain, quadriceps strength and knee functional disability in knee osteoarthritis participants- A randomized controlled study",30,"yes","yes","no","yes","yes","no"
"J. M. Dias",2017,"Hydrotherapy improves pain and function in older women with knee osteoarthritis: a randomized controlled trial",65,"yes","yes","no","yes","yes","no"
"R. C. Dias",2003,"Impact of an exercise and walking protocol on quality of life for elderly people with OA of the knee",50,"no","no","no","no","no","no"
"D. Diracoglu",2005,"Effects of kinesthesia and balance exercises in knee osteoarthritis",60,"no","no","no","no","unclear","no"
"J. Ebnezar",2011,"Effect of an integrated approach of yoga therapy on quality of life in osteoarthritis of the knee joint: A randomized control study",250,"no","no","yes","no","no","no"
"M. A. Elbadawy",2017,"Effectiveness of Periosteal Stimulation Therapy and Home Exercise Program in the Rehabilitation of Patients with Advanced Knee Osteoarthritis",60,"no","no","no","yes","no","yes"
"M. Elboim-Gabyzon",2013,"Does neuromuscular electrical stimulation enhance the effectiveness of an exercise programme in subjects with knee osteoarthritis? A randomized controlled trial",50,"yes","yes","no","yes","unclear","no"
"M. Elgendy",2005,"Influence of Proprioceptive Training on Knee Function in Patients with Knee Osteoarthritis",30,"no","no","no","no","no","no"
" Jr. W. H. Ettinger",1997,"A randomized trial comparing aerobic exercise and resistance exercise with a health education program in older adults with knee osteoarthritis. The Fitness Arthritis and Seniors Trial (FAST)",439,"no","no","yes","no","no","no"
"J. N. Farr",2010,"Progressive resistance training improves overall physical activity levels in patients with early osteoarthritis of the knee: a randomized controlled trial",171,"yes","yes","no","no","yes","no"
"G. K. Fitzgerald",2016,"Exercise, manual therapy, and use of booster sessions in physical therapy for knee osteoarthritis: a multi-center, factorial randomized clinical trial",300,"no","no","yes","no","yes","no"
"B. C. Focht",2014,"Group-mediated physical activity promotion and mobility in sedentary patients with knee osteoarthritis: results from the IMPACT-pilot trial",80,"no","no","no","no","no","no"
"A. Foley",2003,"Does hydrotherapy improve strength and physical function in patients with osteoarthritis - A randomised controlled trial comparing a gym based and a hydrotherapy based strengthening programme",105,"no","no","yes","no","yes","no"
"N. Foroughi",2011,"Progressive resistance training and dynamic alignment in osteoarthritis: A single-blind randomised controlled trial",54,"yes","yes","yes","no","yes","no"
"M. Fransen",2001,"Physical therapy is effective for patients with osteoarthritis of the knee: a randomized controlled clinical trial",126,"no","no","no","no","yes","no"
"R. Ganji",2018,"The Effect of Self-Management Educational Program on Pain Intensity in Elderly Patients with Knee Osteoarthritis: A Randomized Clinical Trial",82,"no","no","no","yes","no","no"
"G. A. Ghasemi",2013,"Effects of hata yoga on knee osteoarthritis",30,"yes","yes","no","yes","no","yes"
"M. Gohil",2020,"Effect of proprioceptive training using biofeedback (equiboard) on pain, function and proprioception in osteoarthritic knee-an interventional study",22,"no","no","no","yes","unclear","no"
"A. B. Gomiero",2018,"Sensory-motor training versus resistance training among patients with knee osteoarthritis: Randomized single-blind controlled trial",64,"yes","yes","yes","yes","yes","no"
"G. A. Gondhalekar",2013,"Retrowalking as an adjunct to conventional treatment versus conventional treatment alone on pain and disability in patients with acute exacerbation of chronic knee osteoarthritis: a randomized clinical trial",30,"no","no","no","yes","unclear","no"
"H. Gudbergsen",2011,"Radiographs and low field MRI (0.2T) as predictors of efficacy in a weight loss trial in obese women with knee osteoarthritis",30,"yes","yes","no","no","yes","no"
"Ö. E. Günaydin",2020,"Comparison of the added effects of kinesio taping and extracorporeal shockwave therapy to exercise alone in knee osteoarthritis",48,"yes","no","no","yes","no","yes"
"D. H. Guo",2022,"Self-administered acupressure and exercise for patients with osteoarthritis: A randomized controlled trial",202,"no","yes","no","yes","yes","no"
"H. Gür",2002,"Concentric versus combined concentric-eccentric isokinetic training: effects on functional capacity and symptoms in patients with osteoarthrosis of the knee",23,"yes","yes","no","no","no","no"
"M. Henriksen",2014,"Association of exercise therapy and reduction of pain sensitivity in patients with knee osteoarthritis: a randomized controlled trial",60,"yes","yes","no","no","no","yes"
"D. Hernandez",2019,"Efficacy of core exercises in patients with osteoarthritis of the knee: A randomized controlled clinical trial",47,"no","no","no","yes","unclear","no"
"R. S. Hinman",2020,"Does telephone-delivered exercise advice and support by physiotherapists improve pain and/or function in people with knee osteoarthritis? Telecare randomised controlled trial",175,"yes","yes","no","yes","yes","no"
"P. M. Holm",2020,"Low-dose strength training in addition to neuromuscular exercise and education in patients with knee osteoarthritis in secondary care – a randomized controlled trial",90,"no","no","no","no","no","yes"
"T. Horstmann",2000,"[Individual isokinetic strength training in patients with gonarthrosis]",38,"yes","yes","no","no","no","no"
"M. H. Huang",2005,"Use of ultrasound to increase effectiveness of isokinetic exercise for knee osteoarthritis",120,"no","no","no","yes","no","no"
"M. H. Huang",2003,"A comparison of various therapeutic exercises on the functional status of patients with knee osteoarthritis",132,"no","no","no","yes","no","no"
"J. L. Huebner",2016,"Exploratory secondary analyses of a cognitive-behavioral intervention for knee osteoarthritis demonstrate reduction in biomarkers of adipocyte inflammation",169,"no","yes","no","no","yes","no"
"M. A. Hunt",2013,"A physiotherapist-delivered, combined exercise and pain coping skills training intervention for individuals with knee osteoarthritis: A pilot study",20,"no","no","no","yes","yes","no"
"M. A. Hunt",2013,"Relationships amongst osteoarthritis biomarkers, dynamic knee joint load, and exercise: results from a randomized controlled pilot study",17,"no","no","no","no","no","no"
"R. S. Husted",2022,"Knee-extensor strength, symptoms, and need for surgery after two, four, or six exercise sessions/week using a home-based one-exercise program: a randomized dose-response trial of knee-extensor resistance exercise in patients eligible for knee replacement (the QUADX-1 trial)",140,"yes","yes","no","yes","no","yes"
"A. M. Imoto",2012,"Quadriceps strengthening exercises are effective in improving pain, function and quality of life in patients with osteoarthritis of the knee",100,"no","no","no","yes","no","no"
"F. Jahanjoo",2019,"Efficacy of balance training in combination with physical therapy in rehabilitation of knee osteoarthritis: a randomized clinical trial",60,"no","no","no","yes","yes","no"
"M. H. Jan",2009,"Effects of Weight-Bearing Versus Nonweight-Bearing Exercise on Function, Walking Speed, and Position Sense in Participants With Knee Osteoarthritis: A Randomized Controlled Trial",106,"yes","yes","no","no","yes","no"
"M. H. Jan",2008,"Investigation of clinical effects of high- and low-resistance training for patients with knee osteoarthritis: a randomized controlled trial",98,"yes","yes","no","no","yes","no"
"M. H. Jan",2008,"Efficacy of a target-matching foot-stepping exercise on proprioception and function in patients with knee osteoarthritis",43,"yes","yes","no","no","no","no"
"C. M. Jenkinson",2009,"Effects of dietary intervention and quadriceps strengthening exercises on pain and function in overweight people with knee pain: Randomised controlled trial",389,"yes","yes","yes","no","yes","no"
"S. A. Jessep",2009,"Long-term clinical benefits and costs of an integrated rehabilitation programme compared with outpatient physiotherapy for chronic knee pain",64,"yes","yes","no","no","yes","no"
"S. Joshi",2023,"Effects of progressive neuromuscular training on pain, function, and balance in patients with knee osteoarthritis: a randomised controlled trial",54,"yes","yes","no","yes","yes","no"
"S. Joshi",2019,"Effect of Retrowalking, a Non-Pharmacological Treatment on Pain, Disability, Balance and Gait in Knee Osteoarthritis: A Randomized Controlled Trial",42,"yes","yes","no","yes","yes","no"
"S. Kabiri",2018,"Comparison of three modes of aerobic exercise combined with resistance training on the pain and function of patients with knee osteoarthritis: A randomized controlled trial",70,"no","no","no","yes","no","yes"
"S. Karadağ",2019,"Application of heat and a home exercise program for pain and function levels in patients with knee osteoarthritis: A randomized controlled trial",62,"no","no","yes","yes","yes","no"
"F. J. Keefe",2004,"Effects of spouse-assisted coping skills training and exercise training in patients with osteoarthritic knee pain: a randomized controlled study",72,"no","no","no","no","no","no"
"F. J. Keefe",1996,"Spouse-assisted coping skills training in the management of osteoarthritic knee pain",88,"no","no","no","no","no","no"
"F. J. Keefe",1990,"Pain coping skills training in the management of osteoarthritic knee pain: A comparative study",99,"no","no","no","no","no","no"
"G. Kelley Fitzgerald",2011,"Agility and perturbation training techniques in exercise therapy for reducing pain and improving function in people with knee osteoarthritis: A randomized clinical trial",183,"yes","yes","yes","yes","yes","no"
"J. W. Keogh",2018,"Is high-intensity interval cycling feasible and more beneficial than continuous cycling for knee osteoarthritic patients? Results of a randomised control feasibility trial",17,"yes","yes","no","no","yes","no"
"J. Kigozi",2018,"Cost-utility analysis of interventions to improve effectiveness of exercise therapy for adults with knee osteoarthritis: the BEEP trial",514,"no","no","no","no","no","no"
"V. Kirthika",2018,"Efficacy of combined proprioceptive exercises and conventional physiotherapy in patients with knee osteoarthritis: a double-blinded two-group pretest–posttest design",40,"yes","yes","no","yes","yes","no"
"P. A. Kovar",1992,"Supervised fitness walking in patients with osteoarthritis of the knee. A randomized, controlled trial",102,"yes","yes","no","no","no","no"
"O. Krasilshchikov",2011,"Effects of an eight-week training programme on pain relief and physical condition of overweight and obese women with early stage primary knee osteoarthritis",16,"no","yes","no","no","yes","no"
"S. Kumar",2013,"Proprioceptive training as an adjunct in osteoarthritis of knee",44,"yes","yes","no","yes","unclear","no"
"V. Kuptniratsaikul",2019,"Is four-week underwater treadmill exercise regimen compared to home exercise efficacious for pain relief and functional improvement in obese patients with knee osteoarthritis? A randomized controlled trial",80,"no","yes","no","yes","no","no"
"V. Kuptniratsaikul",2002,"The efficacy of a muscle exercise program to improve functional performance of the knee in patients with osteoarthritis",392,"no","no","no","no","no","no"
"Z. Lai",2018,"Effects of strength exercise on the knee and ankle proprioception of individuals with knee osteoarthritis",34,"yes","yes","no","yes","no","no"
"A. C. Lee",2017,"Effects of Tai Chi versus Physical Therapy on Mindfulness in Knee Osteoarthritis",86,"no","no","no","no","yes","no"
"H. J. Lee",2009,"Tai Chi Qigong for the quality of life of patients with knee osteoarthritis: a pilot, randomized, waiting list controlled trial",44,"yes","yes","no","no","yes","no"
"H. Y. Lee",2006,"[Comparison of effects among Tai-Chi exercise, aquatic exercise, and a self-help program for patients with knee osteoarthritis]",50,"no","no","no","no","yes","no"
"H. Y. Lee",2008,"[Effects of Tai Chi exercise in elderly with knee osteoarthritis]",46,"no","no","no","no","yes","no"
"S. León-Ballesteros",2020,"Kinesiotape and quadriceps strengthening with elastic band in women with knee osteoarthritis and overweight or obesity. A randomized clinical trial",32,"no","no","no","yes","yes","no"
"J. Li",2019,"The effect of Taichi and resistance training on osteoarthritis symptoms of the elderly and the exercise capacity",91,"yes","yes","no","no","yes","no"
"B. W. Lim",2008,"Does knee malalignment mediate the effects of quadriceps strengthening on knee adduction moment, pain, and function in medial knee osteoarthritis? A randomized controlled trial",107,"yes","yes","no","no","yes","no"
"J. Y. Lim",2010,"Effectiveness of aquatic exercise for obese patients with knee osteoarthritis: a randomized controlled trial",75,"yes","yes","no","no","yes","no"
"D. H. Lin",2009,"Efficacy of 2 non-weight-bearing interventions, proprioception training versus strength training, for patients with knee osteoarthritis: a randomized clinical trial",108,"yes","yes","no","no","yes","no"
"D. H. Lin",2007,"Comparison of proprioceptive functions between computerized proprioception facilitation exercise and closed kinetic chain exercise in patients with knee osteoarthritis",81,"yes","yes","no","no","unclear","no"
"Y. T. Lin",2020,"Active video games for knee osteoarthritis improve mobility but not WOMAC score: A randomized controlled trial",80,"yes","yes","yes","no","yes","no"
"J. Liu",2019,"Modulatory effects of different exercise modalities on the functional connectivity of the periaqueductal grey and ventral tegmental area in patients with knee osteoarthritis: a randomised multimodal magnetic resonance imaging study",108,"no","no","no","no","no","yes"
"J. Lü",2017,"Effect of Tai Ji Quan training on self-reported sleep quality in elderly Chinese women with knee osteoarthritis: a randomized controlled trail",46,"no","no","yes","no","yes","no"
"H. Lund",2008,"A randomized controlled trial of aquatic and land-based exercise in patients with knee osteoarthritis",79,"yes","yes","no","yes","no","yes"
"K. K. Mangione",1999,"The effects of high-intensity and low-intensity cycle ergometry in older adults with knee osteoarthritis",39,"no","no","yes","no","unclear","no"
"B. T. Maurer",1999,"Osteoarthritis of the knee: Isokinetic quadriceps exercise versus an educational intervention",113,"no","yes","no","no","yes","no"
"S. A. Mazzuca",1997,"Effects of self-care education on the health status of inner-city patients with osteoarthritis of the knee",211,"no","no","yes","yes","no","no"
"C. J. McCarthy",2004,"Supplementing a home exercise programme with a class-based exercise programme is more effective than home exercise alone in the treatment of knee osteoarthritis",214,"no","no","no","yes","yes","no"
"P. E. McKnight",2010,"A comparison of strength training, self-management, and the combination for early osteoarthritis of the knee",273,"no","no","no","no","unclear","no"
"S. P. Messier",2004,"Exercise and Dietary Weight Loss in Overweight and Obese Older Adults with Knee Osteoarthritis: The Arthritis, Diet, and Activity Promotion Trial",316,"yes","yes","yes","no","yes","no"
"S. P. Messier",2000,"Exercise and weight loss in obese older adults with knee osteoarthritis: a preliminary study",24,"no","yes","no","no","no","no"
"S. P. Messier",2021,"Effect of high-intensity strength training on knee pain and knee joint compressive forces among adults with knee osteoarthritis: The START randomized clinical trial",377,"yes","yes","yes","no","yes","no"
"S. P. Messier",2013,"Effects of intensive diet and exercise on knee joint loads, inflammation, and clinical outcomes among overweight and obese adults with knee osteoarthritis: the IDEA randomized clinical trial",454,"yes","yes","yes","no","yes","no"
"A. E. Mikesky",2006,"Effects of strength training on the incidence and progression of knee osteoarthritis",221,"no","no","no","no","yes","no"
"G. D. Miller",2012,"Influence of weight loss, body composition, and lifestyle behaviors on plasma adipokines: A randomized weight loss trial in older men and women with symptomatic knee osteoarthritis",51,"no","yes","yes","no","no","no"
"G. D. Miller",2006,"Intensive weight loss program improves physical function in older obese adults with knee osteoarthritis",87,"no","yes","yes","no","yes","no"
"G. D. Miller",2008,"Inflammatory biomarkers and physical function in older, obese adults with knee pain and self-reported osteoarthritis after intensive weight-loss therapy",67,"no","yes","yes","no","yes","no"
"M. Nahayatbin",2018,"The effects of routine physiotherapy alone and in combination with either Tai Chi or closed kinetic chain exercises on knee osteoarthritis: A comparative clinical trial study",48,"yes","yes","no","no","no","yes"
"G. S. Nambi",2013,"Additional effect of iyengar yoga and EMG biofeedback on pain and functional disability in chronic unilateral knee osteoarthritis",30,"no","no","no","yes","yes","no"
"B. J. Nicklas",2004,"Diet-induced weight loss, exercise, and chronic inflammation in older, obese adults: A randomized controlled clinical trial",272,"no","yes","no","no","no","no"
"K. M. O'Brien",2018,"Telephone-based weight loss support for patients with knee osteoarthritis: a pragmatic randomised controlled trial",119,"no","yes","yes","yes","yes","no"
"S. C. O'Reilly",1999,"Effectiveness of home exercise on pain and disability from osteoarthritis of the knee: a randomised controlled trial",180,"no","yes","no","no","yes","no"
"R. Oguz",2021,"Effects of Exercise Training Alone and in Combination With Kinesio Taping on Pain, Functionality, and Biomarkers Related to the Cartilage Metabolism in Knee Osteoarthritis",22,"yes","yes","no","yes","yes","no"
"S. L. Oh",2020,"Effects of rural community-based integrated exercise and health education programs on the mobility function of older adults with knee osteoarthritis",60,"yes","yes","yes","no","yes","no"
"O. M. Olagbegi",2016,"Effectiveness of combined chain exercises on pain and function in patients with knee osteoarthritis",83,"yes","yes","no","yes","no","no"
"L. Pazit",2018,"Safety and feasibility of high speed resistance training with and without balance exercises for knee osteoarthritis: A pilot randomised controlled trial",28,"yes","yes","yes","no","yes","no"
"L. Péloquin",1999,"Effects of a cross-training exercise program in persons with osteoarthritis of the knee a randomized controlled trial",124,"no","no","no","no","no","no"
"S. Rewald",2020,"Aquatic Cycling Improves Knee Pain and Physical Functioning in Patients With Knee Osteoarthritis: A Randomized Controlled Trial",102,"no","no","yes","no","no","yes"
"S. R. Robbins",2021,"Effectiveness of Stepped-Care Intervention in Overweight and Obese Patients With Medial Tibiofemoral Osteoarthritis: A Randomized Controlled Trial",171,"no","yes","no","yes","yes","no"
"M. W. Rogers",2011,"Knee Osteoarthritis and the Efficacy of Kinesthesia, Balance & Agility Exercise Training: A Pilot Study",20,"no","no","no","no","yes","no"
"M. W. Rogers",2012,"Efficacy of home-based kinesthesia, balance & agility exercise training among persons with symptomatic knee osteoarthritis",33,"yes","yes","no","no","yes","no"
"H. Røgind",1998,"The effects of a physical training program on patients with osteoarthritis of the knees",23,"yes","yes","no","yes","no","no"
"M. G. Rosemffet",2004,"Effects of functional electrostimulation on pain, muscular strength, and functional capacity in patients with osteoarthritis of the knee",26,"no","no","no","yes","unclear","no"
"A. J. Salacinski",2012,"The effects of group cycling on gait and pain-related disability in individuals with mild-to-moderate knee osteoarthritis: A randomized controlled trial",37,"no","no","no","yes","yes","yes"
"G. Samut",2015,"The effect of isokinetic and aerobic exercises on serum interleukin-6 and tumor necrosis factor alpha levels, pain, and functional activity in patients with knee osteoarthritis",42,"yes","yes","no","yes","yes","no"
"M. Sarallahi",2016,"The effect of quadriceps kinesio tape on functional disability, pain, and knee joint position sense in knee osteoarthritis patients",38,"yes","yes","no","yes","yes","no"
"A. A. Saswadkar",2016,"Short term effects of kinseio taping on vatus medialis in patient with osteoarthritis knee for gait and joint function enhancement",72,"yes","yes","no","no","yes","no"
"S. P. Sayers",2012,"Effect of high-speed power training on muscle performance, function, and pain in older adults with knee osteoarthritis: a pilot investigation",33,"yes","yes","no","no","yes","no"
"J. M. Schilke",1996,"Effects of muscle-strength training on the functional status of patients with osteoarthritis of the knee joint",20,"no","no","no","no","no","no"
"E. A. Schlenk",2011,"Improving physical activity and function in overweight and obese older adults with osteoarthritis of the knee: a feasibility study",26,"no","no","no","no","yes","no"
"U. Sekir",2005,"A multi-station proprioceptive exercise program in patients with bilateral knee osteoarthrosis: functional capacity, pain and sensoriomotor function. A randomized controlled trial",22,"yes","yes","no","no","no","no"
"N. Shahine",2020,"Effect of a pedometer based aerobic walking program on pain and function among elderly patients with knee osteoarthritis",66,"no","no","yes","no","yes","no"
"L. E. Silva",2008,"Hydrotherapy versus conventional land-based exercise for the management of patients with osteoarthritis of the knee: a randomized clinical trial",64,"yes","yes","no","yes","yes","no"
"M. Silvis",2016,"Comparison of three exercise modalities on patient reported symptoms of knee osteoarthritis: a randomized prospective study",61,"no","no","no","no","yes","unclear"
"A. P. Simão",2012,"Functional performance and inflammatory cytokines after squat exercises and whole-body vibration in elderly individuals with knee osteoarthritis",31,"yes","yes","no","no","yes","no"
"J. Singh",2011,"Effect of exercise rehabilitation programme on clinical health status of osteoarthritis knee patients",200,"yes","yes","no","yes","unclear","no"
"T. J. Somers",2012,"Pain coping skills training and lifestyle behavioral weight management in patients with knee osteoarthritis: a randomized controlled study",232,"no","yes","no","no","yes","no"
"A. S. Sorour",2014,"Effectiveness of acupressure versus isometric exercise on pain, stiffness, and physical function in knee osteoarthritis female patients",90,"no","no","no","no","yes","no"
"M. Srinivas",2012,"A Comparative study of proprioceptive exercises versus conventional training program on osteoarthritis of knee",50,"no","no","no","yes","unclear","no"
"T. Sullivan",1998,"One-year followup of patients with osteoarthritis of the knee who participated in a program of supervised fitness walking and supportive patient education",102,"no","no","no","no","no","no"
"A. M. Swank",2011,"Prehabilitation before total knee arthroplasty increases strength and function in older adults with severe osteoarthritis",71,"no","yes","no","no","no","no"
"M. Taglietti",2018,"Effectiveness of aquatic exercises compared to patient-education on health status in individuals with knee osteoarthritis: a randomized controlled trial",60,"no","no","no","yes","yes","no"
"J. Takacs",2017,"Dynamic Balance Training Improves Physical Function in Individuals With Knee Osteoarthritis: A Pilot Randomized Controlled Trial",40,"no","no","no","yes","yes","no"
"L. A. Talbot",2003,"A home-based pedometer-driven walking program to increase physical activity in older adults with osteoarthritis of the knee: A preliminary study",34,"no","no","no","no","no","no"
"C. A. Thorstensson",2005,"Six-week high-intensity exercise program for middle-aged patients with knee osteoarthritis: a randomized controlled trial [ISRCTN20244858]",61,"no","no","no","no","no","yes"
" 3rd. R. Topp; S. Woolley; J. Hornyak",2002,"The effect of dynamic versus isometric resistance training on pain and functioning among adults with osteoarthritis of the knee",102,"no","yes","yes","no","yes","no"
"B. Tripathi",2017,"Effects of kinesiotaping on osteoarthritis of knee in geriatric population",30,"no","no","no","yes","unclear","no"
"N. Vamsidhar",2017,"A study to find the effectiveness of proprioceptive training and strengthening exercises of osteoarthritis of knee",30,"no","no","no","yes","unclear","no"
"S. V. Varma",2020,"Effect of Kinesio taping versus Mulligan’s mobilization with movement on pain and function in subjects with osteoarthritis of knee: a comparative study",36,"no","no","no","yes","unclear","no"
"K. R. Vincent",2020,"Concentric and Eccentric Resistance Training Comparison on Physical Function and Functional Pain Outcomes in Knee Osteoarthritis: A Randomized Controlled Trial",53,"yes","yes","yes","no","no","no"
"B. Waller",2017,"Effects of high intensity resistance aquatic training on body composition and walking speed in women with mild knee osteoarthritis: a 4-month RCT with 12-month follow-up",87,"yes","yes","no","no","no","yes"
"C. Wang",2009,"Tai Chi is effective in treating knee osteoarthritis: a randomized controlled trial",40,"no","no","yes","yes","yes","no"
"C. Wang",2016,"Comparative effectiveness of Tai Chi versus physical therapy for knee osteoarthritis: A randomized trial",204,"no","no","yes","no","yes","no"
"T. J. Wang",2011,"Comparing the efficacy of aquatic exercises and land-based exercises for patients with knee osteoarthritis",78,"no","no","yes","no","no","yes"
"M. C. Weng",2009,"Effects of different stretching techniques on the outcomes of isokinetic exercise in patients with knee osteoarthritis",132,"no","no","no","yes","no","no"
"M. Wortley",2013,"Effects of resistance and Tai Ji training on mobility and symptoms in knee osteoarthritis patients",31,"no","no","no","no","yes","no"
"F. B. Wyatt",2001,"The effects of aquatic and traditional exercise programs on persons with knee osteoarthritis",46,"no","no","no","yes","no","no"
"C. M. Xiao",2021,"Follow-up of a Wuqinxi exercise at home programme to reduce pain and improve function for knee osteoarthritis in older people: a randomised controlled trial",68,"yes","yes","no","no","yes","no"
"P. Yennan",2010,"Effects of aquatic exercise and land-based exercise on postural sway in elderly with knee osteoarthritis",50,"yes","yes","no","yes","yes","yes"
"Y. B. Yip",2007,"Impact of an arthritis self-management programme with an added exercise component for osteoarthritic knee sufferers on improving pain, functional outcomes, and use of health care services: An experimental study",182,"no","no","no","yes","no","no"
"Q. Zhu",2016,"Effects of Tai Ji Quan training on gait kinematics in older Chinese women with knee osteoarthritis: A randomized controlled trial",46,"no","no","yes","no","yes","no"
"A.H. Alghadir",2019,"Effect of 6-week retro or forward walking program on pain, functional disability, quadriceps muscle strength, and performance in individuals with knee osteoarthritis: a randomized controlled trial (retro-walking trial)",68,"yes","yes","no","yes","yes","no"
"P. Sedaghatnezhad",2021,"Uphill treadmill walking plus physical therapy versus physical therapy alone in the management of individuals with knee osteoarthritis: a randomized clinical trial",30,"yes","yes","no","yes","no","no"
"S. Shabbir",2022,"Effects of retro-walking on pain, functional disability and performance in knee osteoarthritis",36,"no","no","no","yes","yes","no"
"P. Shen",2022,"Proprioceptive neuromuscular facilitation improves symptoms among older adults with knee osteoarthritis during stair ascending: a randomized controlled trial",27,"yes","yes","no","yes","no","no"
"P.G. Vassao",2021,"Effects of photobiomodulation and a physical exercise program on the expression of inflammatory and cartilage degradation biomarkers and functional capacity in women with knee osteoarthritis: a randomized blinded study",36,"yes","yes","no","no","yes","no"
"Z. Xiao",2021,"The effect of Wuqinxi exercises on the balance function and subjective quality of life in elderly, female knee osteoarthritis patients",266,"yes","yes","no","no","yes","no"
"J. Ye",2019,"The effects of Baduanjin Qigong on postural stability, proprioception, and symptoms of patients with knee osteoarthritis: a randomized controlled trial",50,"yes","yes","no","no","yes","no"
"Oiestad BE, Aroen A, Rotterud JH, Osteras N, Jarstad E, Grotle M, Risberg MA",2023,"The efficacy of strength or aerobic exercise on quality of life and knee function in patients with knee osteoarthritis. A multi-arm randomized controlled trial with 1-year follow-up",161,"no","no","no","yes","no","yes"
"K.L. Bennell",2022,"Effectiveness of an unsupervised online yoga program on pain and function in people with knee osteoarthritis a randomized clinical trial",212,"yes","yes","yes","yes","yes","no"
"P. Bhagat",2017,"Effect of circuit training in osteoarthritis of knee",30,"no","no","no","yes","yes","no"
"A.C. De Almeida",2020,"A periodized training attenuates thigh intermuscular fat and improves muscle quality in patients with knee osteoarthritis: results from a randomized controlled trial",61,"yes","yes","no","yes","no","no"
"R. De Matos Brunelli Braghin",2019,"The effect of low-level laser therapy and physical exercise on pain, stiffness, function, and spatiotemporal gait variables in subjects with bilateral knee osteoarthritis: a blind randomized clinical trial",60,"yes","yes","no","no","unclear","no"
"P. DeVita",2018,"Quadriceps-strengthening exercise and quadriceps and knee biomechanics during walking in knee osteoarthritis: a two-centre randomized controlled trial",30,"yes","yes","no","no","yes","no"
"U. Dincer",2016,"The effects of closed kinetic chain exercise on articular cartilage morphology: myth or reality? A randomized controlled clinical trial",30,"no","no","no","yes","yes","no"
"S.J. Drummen",2023,"A pilot randomized controlled trial evaluating outdoor community walking for knee osteoarthritis: walk",40,"no","no","no","yes","yes","no"
"L. Dwyer",2015,"Manual and manipulative therapy in addition to rehabilitation for osteoarthritis of the knee: assessor-blind randomized pilot trial",78,"yes","yes","no","no","yes","no"
"Y.I. Hsu",2021,"Effects of diet control and telemedicine-based resistance exercise intervention on patients with obesity and knee osteoarthritis: a randomized control trial",63,"yes","yes","no","yes","yes","no"
"X. Hu",2020,"Effects of Taichi exercise on knee and ankle proprioception among individuals with knee osteoarthritis",92,"yes","yes","no","yes","yes","no"
"T. Janyacharoen",2018,"Effects of the applied ancient boxing exercise on leg strength and quality of life in patients with osteoarthritis",40,"yes","yes","no","no","no","yes"
"N. Kang",2022,"Functional outcomes of Tai Chi exercise prescription in women with knee osteoarthritis",27,"yes","yes","no","no","yes","no"
"A. Kholvadia",2019,"Exploring the efficacy of low-level laser therapy and exercise for knee osteoarthritis",111,"no","no","no","no","yes","no"
"J.S. Kim",2020,"[Effect of a Physical Activity Promoting Program Based on the IMB Model on Obese-Metabolic Health Outcomes among Obese Older Adults with Knee Osteoarthritis]",75,"no","no","no","no","no","no"
"J. Knoop",2013,"Knee joint stabilization therapy in patients with osteoarthritis of the knee: a randomized, controlled trial",159,"no","no","yes","yes","yes","no"
"K. Krishnan",2021,"Comparison of the effect of aquatic and Thera-band exercise on pain and quality of life in obese people with knee osteoarthritis",45,"yes","yes","no","no","no","yes"
"H. Anadkat",2015,"Effectiveness of retro walking treadmill training on pain and disability in knee osteoarthritis: a randomized controlled trail [sic]",40,"no","no","no","yes","yes","no"
"A.B. Kuntz",2018,"Efficacy of a biomechanically-based yoga exercise program in knee osteoarthritis: a randomized controlled trial",31,"yes","yes","yes","no","no","yes"
"Z. Lai",2021,"Comparison of whole-body vibration training and quadriceps strength training on physical function and neuromuscular function of individuals with knee osteoarthritis: a randomised clinical trial",81,"yes","yes","no","no","no","no"
"E.L. Lee",2023,"Home-based remote rehabilitation leads to superior outcomes for older women with knee osteoarthritis: a randomized controlled trial",31,"yes","yes","no","yes","no","no"
"P. Marconcin",2018,"A randomized controlled trial of a combined self-management and exercise intervention for elderly people with osteoarthritis of the knee: the PLE2NO program",67,"yes","yes","no","no","no","yes"
"V. Mazloum",2018,"The comparison of the effectiveness of conventional therapeutic exercises and Pilates on pain and function in patients with knee osteoarthritis",41,"yes","yes","no","no","no","no"
"B. Mehwish",2023,"Effect of hip joint mobilisations and strength training on pain, physical function and dynamic balance in patients with knee osteoarthritis: a randomized controlled trial",66,"yes","yes","no","no","no","yes"
"E. Mete",2022,"The efficacy of exergaming in patients with knee osteoarthritis: A randomized controlled clinical trial",60,"no","no","yes","yes","yes","no"
"S. Assar",2020,"The effect of Total resistance exercise vs. aquatic training on self-reported knee instability, pain, and stiffness in women with knee osteoarthritis: A randomized controlled trial",36,"yes","yes","no","yes","yes","no"
"A. Ozlu",2023,"The effect of a virtual reality-mediated gamified rehabilitation program on pain, disability, function, and balance in knee osteoarthritis: a prospective randomized controlled study",73,"no","no","no","yes","yes","no"
"J. Qiu",2023,"Effect of adding hip exercises to general rehabilitation treatment of knee osteoarthritis on patients' physical functions: a randomized clinical trial",36,"yes","yes","no","yes","yes","no"
"M.T. Rafiq",2021,"Effect of progressive resistance strength training on body mass index, quality of life and functional capacity in knee osteoarthritis: A randomized controlled trial",56,"yes","yes","no","no","yes","no"
"M.T. Rafiq",2021,"The effect of rehabilitation protocol using mobile health in overweight and obese patients with knee osteoarthritis: a clinical trial",114,"no","no","no","no","yes","no"
"M.T. Rafiq",2021,"Short-term effects of strengthening exercises of the lower limb rehabilitation protocol on pain, stiffness, physical function, and body mass index among knee osteoarthritis participants who were overweight or obese: a clinical trial",50,"yes","yes","no","no","yes","no"
"M. Rakhshani",2022,"Effect of proximal exercises of lower extremity on static balance parameters during quiet standing",36,"yes","yes","no","yes","no","no"
"T.A. Rego",2023,"Effects of mat pilates on older adult women with knee osteoarthritis: a randomized controlled trial",17,"no","no","no","no","yes","no"
"S.R. Robbins",2022,"Low-level laser therapy and static stretching exercises for patients with knee osteoarthritis: a randomised controlled trial",215,"no","no","no","no","no","no"
"R. Rosadi",2023,"Effectiveness of combined exercise and physiotherapy intervention in improving functional activity of patients with knee osteoarthritis in Muslim pray movements",30,"no","no","no","yes","yes","no"
"A. Sadeghi",2023,"Effectiveness of muscle strengthening exercises on the clinical outcomes of patients with knee osteoarthritis: a randomized four-arm controlled trial",96,"no","yes","no","yes","yes","no"
"D. Samuel Sundar Doss",2014,"Effects of non weight bearing strength training for knee osteoarthritis",73,"yes","yes","no","no","yes","no"
